,PAROLES,Dimension Dialogique
0,toi tu disais récolter l’eau dans les particules d’air c’est ça,0
1,oui la première année elle ne sera pas rentabilisée tout de suite mais ça serait sur le long terme,1
2,t’as un droit de véto mais le truc c’est que tu peux pas toujours l’employer quoi parce que sinon enfin je considère vachement que les gens sont aussi y’a des gens qui sont dans l’opposition permanente et qui,2
3,mais sinon oui on peut imaginer l’arrivée dans nouvel habitant et comment ça c’est obligé de modifier la géolocalisation des ressources puisque  soit t’as plus de ressources  soit chacun en a moins en fait avec une personne en plus,0
4,mais c’est plus une cotisation où le coût de revient est égal à zéro,1
5,ouais,0
6,bah pour moi ça serait des petites maisons indépendantes donc chacun aurait son espace indépendant comme dans la vidéo ,0
7,dans les lieux collaboratifs du coup il peut y avoir un lieu de stockage avec épicerie machin,0
8,bah là ça rejoint ton idée de chaîne de télévision,0
9,mais du coup je trouve que enfin je sais pas toi t’en penses quoi le côté autosuffisant je trouve que ça réunit bien les problématiques,0
10,juste mettre les lieux communs au centre plutôt,0
11,avec panneaux solaires et des trucs comme ça,0
12,ouais comme les vélos les trucs comme ça,0
13,tu vois donc du coup je pense que pour des gens comme ça c’est déjà un peu plus chiant enfin typiquement quand tu repenses aux Québécois ils avaient l’air tout très gentils hein mais moi les ateliers menuiserie moi non,2
14,ouais je sais pas ouais c’est ça plusieurs appli mais regroupées sur un serveur,0
15,ouais mais après pas forcément,0
16,moi je pensais à des habitats souterrains et sous-marins,0
17,sous-marins souterrains ?,0
18,nan mais je veux dire une forme de vote classique ce qui est pas le cas ici,0
19,bah c’est vrai que au niveau interface et,0
20,voilà,0
21,ouais,0
22,donc heu ouais tutoriels cours particuliers,0
23,ah oui ça c’est intéressant,0
24,j’ai pensé moi à l’utilisation des alors dans le même principe que les pour les salles de sport ,0
25,bah après c’est déjà plus ou moins enfin tu vois les crèches de quartier et tout c’est quand même avec les gens du quartier quoi,1
26,terrain de jeux,0
27,je mets quoi,0
28,oui heu même les déplacements à pied ça sert à ça c’est le même principe,0
29,ouais,0
30,bah nan parce qu’on aura trouvé un moyen d’ici là soyons positifs  et ça éviterai de gaspiller le comment dire le fait qu’il y ait plus de place forcément construire des immeubles un peu dégueu partout tu fais des trucs sous-marins,2
31,moi j’ai mis heu mais parce que c’est connu dans les milieux un peu alternatifs où tu sais quand quelqu’un parle et que tu es d’accord ou pas d’accord tu ne le l’interromps pas mais tu fais un signe avec les mains pour dire si tu es d’accord ou pas d’accord et voilà heu après heu,0
32,ouais je sais pas si vous connaissez le slow food par exemple,0
33,de quoi pardon ah la cuisine individuelle moi je veux pas qu’on salope ma cuisine,2
34,il y aura une bibliothèque,0
35,moi j’aurais juste rajouté pour les objectifs du quartier c’est vivre bien moins cher aussi parce que si on n’a pas à acheter son matériel perso etc ça va revenir moins cher ,0
36,t’embêtes pas de toute façon elle comprendra,0
37,ouais mais tu peux créer de l’énergie par exemple quand tu marches avec le mouvement de tes bras,0
38,tu vois ce que je veux dire  exactement,0
39,ce que je veux dire c’est que tu peux partager ton repas et tout mais là c’est peut-être plus une notion de est-ce que tu partages que ton énergie et ce que tu partages aussi derrière les outils que tu peux avoir les véhicules etc quel champ on prend en compte cette ressource partageable,0
40,ok,0
41,à ton avis quelle catégorie de gens qui cherchent habiter dans un quartier collaboratif,0
42,pour cette question moi j’ai mis en place un système totalement différent donc marquez ce que vous voulez sur ce que vous avez mis et je vais réécrire ce que j’ai fait,0
43,ouais ça on a mis,0
44,oui voilà c’est ça ,0
45,non mais carrément,0
46,pour que tout le monde soit justement sur un pied d- y’a pas de hiérarchisation par la distance y’a rien tu vois  on est tous on essaye de mettre une équidistance entre toutes les habitations et les points  publics donc d’espaces collaboratifs,2
47,ouais,0
48,ouais incendie inondations genre les trucs les,0
49,ouais c’est ça mais après ouais en fait tu  en fait c’est,0
50,alors comment réagir,0
51,parce que quand on est une grande communauté donc heu on a plus les moyens de faire des choses moins chères donc voilà  heu j’ai mis par exemple de se faire une piscine par exemple ou de ne pas avoir un ou deux véhicules par famille mais avoir des véhicules pour toute la communauté  voilà,0
52,xx,0
53,je mets tout avec un système d’échange ,0
54,donc ça marche très bien  mais c’est horrible la vie en communauté là c’est horrible  les les personnes âgées les enfants ils vont péter un câble avec ça à côté,1
55,auquel cas t’as vite fait d’être en opposition tout le temps,2
56,le truc c’est que déjà t’as le ,0
57,il manque de l’eau,0
58,exactement donc il y a piscine ,0
59,bah non si ta batterie est vide parce que t’as trop consommé bah t’es t’as l’air un peu con t’es obligé de te bouger ton cul pour aller te la recharger quoi ,2
60,ouais un espace,0
61,atelier voilà tu as tout tu peux mettre heu:,0
62,à partager ,0
63,ouais on va faire ça moi ,0
64,tu fais un truc comme ça en fait ((dessine)),0
65,voilà il faut que t’es bah si on parle de catastrophes climatiques ,0
66,donc c’est obliger la personne qui est dans l’opposition formelle à aider à résoudre ce problème en fait,2
67,ouais nan  mais c’est ça tu vois,0
68,oui,0
69,ah y’a aussi si un nouvel habitant,0
70,voilà et heu moi ce que je veux c’est plus des échanges heu les échanges entre les quartiers ,0
71,ouais c’est ça,0
72,ouais,0
73,ouais ouais mais les habitations du coup c’est plutôt au centre ou les trucs ?,0
74,heu genre loisirs je peux mettre,0
75,ouais c’est badge ouais,0
76,parce que pour les douches et tout  ouais,0
77,d’accord,0
78,ouais de grandes fenêtres et genre et on aura une vue heu disons on aura toujours une vue sur genre on aura une vue avec un,0
79,carrément dans la maison ?,0
80,ouais,0
81,ouais c’est vrai mais imagine un super quartier tout bien installé,0
82,ça produit de l’électricité donc je mets panneaux solaires ?,0
83,ok,0
84,ça peut être avec pour avoir heu,0
85,alimentation aussi ?,0
86,ouais enfin tu veux dire avec des fenêtres ?,0
87,si t’as une conscience collective de ton action et tout ça,2
88,c’est juste qu’ils disaient que enfin tu voyais des quartiers beaucoup plus vivants où les gens se rencontraient beaucoup plus quand tu avais des lieux de travail qui étaient un peu plus mélangés avec les lieux d’habitation et les lieux de sortie,2
89,voilà soit sur ton Smartphone soit tu,0
90,oui la la question c’est qui sont les gens je pense c’est pas tout le monde qui fait ça qui a les choses qui comment je vais dire ça tous les quartiers collaboratifs aujourd’hui font la même chose le but c’est ils utilisent de l’énergie renouvelables,1
91,bien sûr nan mais le principe d’avoir une facture commune  c’est comme si on va au restaurant on fait moitié moitié sur l’addition mais je mange deux fois plus que toi,2
92,par exemple voitures vélos c’est ça,0
93,après on revient sur les lieux collaboratifs,0
94,pour pouvoir prendre la lumière et tu fais la même chose enfin les tu fais comme le tournesol en fait avec des panneaux photovoltaïques par exemple,1
95,ouais,0
96,et les vélos,0
97,peut-être faire des compétitions inter-quartiers heu une compétition annuelle par exemple avec un prix qui serait heu je ne sais pas une éolienne à installer par exemple si si ce quartier est celui qui a le moins consommé pendant toute l’année bah il pourra gagner à la fin de l’année une éolienne donc,0
98,s’il n’y a pas possibilité de prendre de l’eau de manière renouvelable on va acheter de l’eau ,0
99,utiliser la force générée par les,0
100,oui nan mais ça demande oui nan mais c’est pas c’est pas au sein de la communauté c’est pas au sein du quartier c’est assez loin mais,1
101,un peu une mise en commun du patrimoine que tu n’en- que tu n’emploies pas tu vois c’est ça plus que dans un rationnement quoi,2
102,ça va être un niveau de ouais,0
103,ok mais si vous avez des réserves y a pas de problèmes,1
104,ouais un système de réservation machin,0
105,moi j’ai mis partage des savoirs  des connaissances des compétences,0
106,ouais en circuit fermé qui recycle oui c’est ce que j’ai mis aussi,0
107,[moi non plus,0
108,oui,0
109,on passe à la deuxième alors comment le quartier serait-il alimenté en eau en électricité,0
110,ouais et je pense qu’il y a beaucoup de personnes dans ce cas et heu beaucoup de citoyens qui veulent se sentir responsables,2
111,ouais je pense,0
112,un incendie c’est un autre truc il est intéressant de poser ! ça aussi,0
113,voilà pas pour acheter quelque chose ((répond à L3)),0
114,d’accord,0
115,oui donc heu on on fait ça mensuel ça sera une réunion mensuelle pour débattre de tout ce qui est consommation,0
116,oui pour heu pour dire par exemple attention il y a un taux excessif ce mois-ci de consommation ça serait bien de de faire attention par exemple  quelque chose du genre,0
117,ouais ça peut enfin c’est pour ça que ça peut être un peu tout quoi,0
118,en fait c’est pour dire juste qu’on fonctionne par strates en fait,0
119,des biens culturels genre des bouquins que tu mets à disposition,0
120,par contre enfin je ne sais pas pour vous mais voter enfin pas le vote mais genre dire si on est d’accord ou si on a une opposition l’écrire mais anonymement en fait comme ça,0
121,piscine heu place de jeux machin,0
122,je sais pas  mais après pour moi je pense que ça serait plus dans les trucs numériques,0
123,ah je je ouais pas mal,0
124,ouais  pour moi enfin je n’ai rien écrit mais alors j’avais dans l’idée que pour moi le numérique ça serait genre heu pour tout ce qui est consommation donc pouvoir voir sa consommation en direct ,0
125,ouais ouais,0
126,faire des maternités collectives,0
127,ouais  oui à ce moment-là on retombe plus sur un truc oui moi je veux que mon quartier soit beau quoi mais je sais pas ?,0
128,panneaux solaires heu,0
129,donc les ressources partageables énergétiques ?,0
130,ça fait un peu comme les moines par exemple les moines bouddhistes c’est vrai qu’ils ont des trucs mais ils sont pas à eux ils les possèdent pas c’est à toute la,2
131,réduire la consommation d’énergie non renouvelable,0
132,parce que sinon ça reste ça tu peux être systématiquement dans l’opposition parce que y’a rien qui te convient mais après tu réfléchis t’attendras que les autres te sortent une solution qui te convient quoi,2
133,ouais ça dépend ça peut-être aussi des maisons ou juste,0
134,on considère le parc comme un espace public donc comme un espace collaboratif comme on l’a dit juste avant donc à ce moment-là on a qu’à dire que dans la répartition de l’espace c’est les bâtiments enfin les ouais enfin on centralise en fait,0
135,ouais voilà et tu tournes,0
136,qui doit apprendre quelque chose à l’utilisateur et du coup ça pourrait être réapprendre les notions de partage d’entraide,0
137,ok mais si vous avez des réserves y a pas de problèmes,1
138,mais après je veux dire après c’est après si t’as pas envie de te bouger et que tu veux pas aller dans l’atelier tu le fais pas tu vois,2
139,oui c’est possible là mais est-ce que là on parle heu oui parce que là quand on parle de ressources partageables c’est pas forcément gratuit donc heu,0
140,ouais,0
141,voilà un jardin voilà moi j’ai pensé à ouais j’aurai pensé genre l’environnement autour du,0
142,que tu peux faire,0
143,bien sûr mais justement pour pas qu’il y ait ces différences-là il y aurait l’éolienne qui serait là pour combler le manque du panneau solaire en fait,1
144,un évènement quoi,0
145,et heu ouais donc panneaux solaires mais aussi un système heu,0
146,faciliter la vie collaborative,0
147,bah nan,0
148,tu tu tu la justifies mais je veux dire,0
149,tu vois une fontaine au milieu ou un puits où tout le monde va chercher,0
150,en fonction des besoins et en fonction aussi en essayant de,0
151,moi je trouve que tout est partageable,0
152,et au-dessus c’est les logements individuels,0
153,par exemple,0
154,et puis en plus c’est pas  l’un ou l’autre tu peux dire ,0
155,nan nan c’est clair,0
156,bah c’est ce qu’on disait tout à l’heurre c’est ,0
157,alors les habitations,0
158,après on peut pas heu tirer tu sais du genre du fait d’avoir des déchets il n’y a pas un moyen d’en tirer de l’énergie,0
159,parce que c’est plus polémique sur le,0
160,comment ça j’ai pas,0
161,heu de la consommation,0
162,sachant que chacun peut utiliser un nombre maximal de coins par jour  donc par exemple j’ai besoin d’aller faire des courses en voiture aujourd’hui ou faire du vélo au sport pendant une heure ou de bricoler dans l’atelier sachant par exemple que j’ai 50 coins par jour à utiliser personnellement et que la voiture me coûtera 25 coins le vélo 15 la réservation des outils de bricolage 15 il ne me sera pas possible de tout faire ce jour-là ,1
163,donc en fait ça sera donc un système de partage des ressources d’une façon équitable pour que tout le monde puisse faire plusieurs choses dans la journée sans prendre heu un bien que pour lui pendant tout le temps,2
164,ouais ouais,0
165,mais faut que ouais que l’énergie de tourner soit,0
166,donc en fait ce qui est écrit c’est ce qui va lancer le débat  donc si quelqu’un a une opposition il l’écrit et,0
167,d’accord ,0
168,y’aura heu des expositions par exemple,0
169,ça peut amener des pistes de réflexion sans être forcément ,1
170,prends ça comme un arrondissement,0
171,pour éviter qu’il y ait des monopoles,2
172,des éoliennes,0
173,heu  moi j’avais mis tout ce qui est genre lave-linge sèche-linge enfin buanderie,0
174,bah moi c’est pour faire heu déjà quand on fait ce type de quartier le but simple c’est de faire des économies sur tout et n’importe quoi  ,0
175,ou en tout cas t’as le tirage au sort pour   ouais je sais pas  pour dire tu vois les réunions faut peut être quelqu’un qui  stimule un peu qui vérifie que untel prend pas trop la parole,0
176,et ce que je veux dire c’est que,0
177,mais si par contre si par exemple tu as genre un appartement pour quatre personnes et un studio par exemple bah  du coup enfin,2
178,tu mets en place une cotisation par an,0
179,ouais atelier bricolage dessin: ,0
180,oui ça s’équilibre c’est-à-dire ça ne coûte rien à la communauté,1
181,moi je sais que je suis insomniaque et j’aime bien me faire la cuisine à 4h du mat tu vois donc si on me dit ton four tu le fais que fonctionner de 20h à 22h moi je j’aime pas je vais pas être content nan mais le but après c’est pas de créer un ,2
182,je trouve qu’aller chercher de l’eau au puits c’était pas mal,0
183,bah j’imagine qu’on est à peu près d’accord sur l’économie d’énergie machin,0
184,ouais,0
185,moi je pensais qu’il faudrait réaliser ça au niveau ,0
186,un lac un étang une marre tu sais un espace d’eau,0
187,vas-y,0
188,comment tu fais ça ?,0
189,heu terrasse piscine je reviens toujours à la piscine ((rires)),0
190,ok d’accord,0
191,heu pour moi enfin le but d’un éco- heu d’un quartier comme ça ça serait surtout de vivre dans un environnement sain en fait où on pourrait vivre en famille ,0
192,oui  alors matériel j’avais plein d’exemples donc heu je vais en citer quelques-uns par exemple outils de jardinage de bricolage ,0
193,voilà justement en recyclant on minimise heu on va soit éviter de d’avoir des emballages inutiles soit recycler pour ne pas jeter donc voilà,1
194,ouais,0
195,tu penses que c’est bien panneaux solaires ? parce que moi ce que j’ai entendu dire c’est qu’en fait tu consommais vachement de minéraux rares pour les fabriquer et c’est si bien enfin,2
196,et donc ça va créer une différence donc on va prendre à côté ,0
197,par exemple si tu retrouves un problème dans ta communauté sur un bien commun tu le signales et après la personne la plus à même de pouvoir t’aider dans une géolocalisation va pouvoir venir t’aider  tu vois t’es toujours dans un avec des systèmes d’alarme tu peux tout toujours,1
198,ouais d’accord,0
199,bah après c’est vrai qu’un système avec comme on avait vu dans le reportage où tu vas direction chez le particulier chercher ce dont t’as besoin quand t’es sur du matériel ,0
200,admettons est-ce que tu mets un lieu au centre genre un grand parc,0
201,alors lieux collaboratifs,0
202,bah on peut mettre séisme hein,0
203,ouais on peut recharger son portable,0
204,nan mais je pense que ça arrivera pas souvent que mais,1
205,le quoi,0
206,nan mais voilà bon,0
207,ouais,0
208,je ne sais pas moi je pensais à des potagers et du coup tout le monde travaille dedans et du coup tout le monde se sert aussi quoi,0
209,ok culturel échange d’idées aussi,0
210,oui c’est la méritocratie,0
211,nan moi j’ai pas envie ((rires)) mais pourquoi pas,0
212,oui nan mais c’est ça oui moi je pense c’est ça,0
213,tout dépend du quartier où t’es,0
214,esthétique,0
215,ouais,0
216,sont au centre ouais,0
217,nan nan mais je comprends ce que tu veux dire,0
218,nan mais ce que je veux dire c’est pas forcément un objectif tu vois,0
219,oui j’ai écrit ici toutes les ressources énergétiques ,0
220,mais après heu ouais ,0
221,oui c’est ça le concept un peu du coup tu vas aller voir un peu ce qui se passe chez les voisins prendre le temps de les connaître en fait,0
222,que quelqu’un l’a utilisée ok,0
223,poser des microprocesseurs c’est ça poser des petits systèmes embarqués pour contrôler les choses ?,0
224,ouais,0
225,ça peut être de tout des immeubles des maisons,0
226,ouais un mix des deux,0
227,je pense que sans  ouais et ça marche bien aussi mais en fait le truc c’est qu’on va plutôt rabaisser ça à le,0
228,heu moi j’avais mis un truc genre salle des fêtes,0
229,et ça va permettre justement d’échanger voilà ça va être on va échanger entre genre le fermier va échanger avec le menuisier voilà,1
230,personnes qui trichent avec le système c’est ça ((écrit)),0
231,livres ,0
232,donc tu penses que y’a une prise de décision pour la communauté qui doit se faire sans la communauté ?,0
233,oui nan mais ((rires)),0
234,des tracts,0
235,c’est contre le fast food en fait et c’est plus pour que tout à chacun apprenne à se connaître avec des animations en fait autour,0
236,parce que du coup tu as un quartier qui bouge ,0
237,comme ça tu as plus de chaleur dans la chambre  après je ne sais pas si je le mets ,0
238,la personne elle a quand même pour but de rester au plus proche de ce qui a été proposé,1
239,ouais ou ouais plusieurs appli même parce que ça ferait peut-être ça prend trop de place je pense,0
240,comme ça,0
241,après tu vas avoir un désert,2
242,et tout autour il y a un parc ou des jardins et y’a du compost,0
243,ça te va ?,0
244,heu j’ai mis faire des économies sur tout et n’importe quoi,0
245,alors on aura une bibliothèque ,0
246,ouais les objectifs d’économie d’énergie,0
247,tous les moyens de transport ,0
248,heu ouais c’est quasiment la même chose mais éolienne ,0
249,ouais carrément,0
250,nan nan ça je suis d’accord hein je suis d’accord,0
251,ouais c’est intéressant ça,0
252,ouais,0
253,c’est un peu mettre sur papier les vrais trucs pour pas rester tu vois,1
254,ouais voilà,0
255,après je ne sais pas je pense c’est faisable genre par SMS enfin mais ,0
256,ouais intergénération,0
257,ouais c’est pour ça que,0
258,ouais éoliennes ,0
259,c’est pour la remercier de ce qu’elle fait ?,0
260,voilà par exemple Marc qui a pas envie de prendre le bus pour faire trois stations,0
261,en plus c’est quand même moche,2
262,chaotique,0
263,ouais,0
264,oui mais c’est pas seulement ça en fait mon idée de créer un badge c’est pour trouver une personne qui peut gagner plus de pouvoir pour faire des décisions tu comprends,0
265,ouais voilà,0
266,d’accord,0
267,oui tout numériser,0
268,ça va être le même principe,0
269,ouais où on vit bien  j’avais rajouté aussi un système de quartier qui aussi ne soit pas qu’un quartier-dortoir ,0
270,le plus simple ce serait de clôturer la chose que tout le monde soit d’accord et,0
271,après le problème des habitations c’est que ça prend énormément de facteurs il faut je pense que c’est pas forcément sur chose sur laquelle on va s’attarder c’est quelque chose de,0
272,dépôt ,0
273,pour faire un truc ensemble ou tu vois ou un festival ou un truc,2
274,le principe c’est si on se déplace en vélo ,0
275,oui,0
276,[non plus,0
277,ouais concours donc à chaque fois donc on aura des points à chaque fois les,0
278,c’est exactement ce que j’ai mis,0
279,ah oui il y a quelque chose exactement comme ça ici à l’école,0
280,moi pour l’eau y’avait l’histoire que  bon ça c’est pas au niveau du quartier mais c’est facturé à l’arrivée dans ton logement ,0
281,oui oui c’est ça qu’est bien  essayer de mettre en commun quoi,0
282,voilà exactement,0
283,ouais voilà nan mais le truc c’est que c’est pas une finalité dès la chose c’est juste pour dire que ce système ça t’oblige à  ,2
284,bah justement utiliser le mouvement des gens pour produire de l’électricité en fait  je sais pas un mouvement genre même quand tu prends ta voiture faudrait que ça produise de l’électricité on peut imaginer que le sol je sais pas il récupère quelque chose ou comme la salle de sport,0
285,oui c’est ça c’était dans ce sens-là,0
286,oui oui,0
287,je termine ça va être une monnaie électronique ,0
288,j’ai marqué terrasses  ,0
289,ouais,0
290,pas forcément par exemple heu si y’a si on partage un truc d’artiste ou d’un écrivain ou si on a qu’un seul livre au niveau du quartier ça va pas,0
291,oui bah oui bah tu peux mettre ça,0
292,ouais création d’une sphère de confiance d’un environnement de confiance en fait,0
293,qui est toujours disponible  et ça permet de d’économiser les coûts ,0
294,c’est juste devenir acteur de la solution si t’es en opposition quoi,2
295,je pensais au nouvel habitant après je me suis dit c’est plus rigolo si c’est un mec qui va se faire virer,0
296,et ça j’ai entendu dire ça marche vachement bien,1
297,mais si t’as dix laveries dans le enfin dix machines à laver tu sais que tu regardes ce qui est libre ou pas,0
298,ok alors ressources partageables,0
299,bah par exemple s’il y a un manquement électrique à ce moment-là il y aurait une éolienne qui serait là,1
300,peut-être pas un caleçon tu vois mais si admettons ou un costume tu vois si tu as un rendez-vous important et que tu n’as pas de costume,2
301,moi c’est ce que j’ai mis laverie de quartier,0
302,enfin je ne sais pas t’en trouves à Beaubourg et à côté un peu partout,0
303,tu vois il suffit que tu mettes un petit système enfin je sais pas tu peux imaginer plein de trucs comme ça tu vois,0
304,nan mais je trouve ça cool autosuffisant dans le sens où ça t’oblige à faire plein de projets de façon à faire des trucs localement ,2
305,heu ouais  heu vélo heu véhicules je vais mettre ,0
306,ouais est-ce qu’on pourrait instaurer un système… ?,0
307,passion il a dit passion  passion commune  ce qui serait intéressant aussi c’est imaginons il y a des familles qui veulent faire un babysitting heu etc donc heu peut-être favoriser les les gens du quartier eux-mêmes à s’entraider puisque c’est un système collaboratif imaginons que  qu’il y a des petits jobs qui vont se faire des petits jobs qui vont apparaître ça va être favorisé  imaginons qu’il y a un bricoleur dans le quartier on ne va pas aller au bricoleur d’en face pour faire réparer son fer à repasser,0
308,mais c’est pour éviter le gaspillage,0
309,oui,0
310,de l’eau,0
311,ou un système de points d’échange donc avec des points ça se périme et tu peux pas les transformer en euros c’est indépendant,0
312,oui mais ça laisse une chance à la personne,2
313,panneaux solaires,0
314,ouais nous dans notre immeuble c’est hor- enfin c’est collectif et c’est horrible les gens ils chauffent à 28 degrés ((rires)),0
315,tous les équipements collectifs,0
316,ouais et du coup ça réduit forcément,0
317,aléatoire ouais il y en a un peu partout et les lieux de travail aussi c’est-à-dire que tu ,0
318,je ne vois pas le lien entre la confiance et le système monétaire enfin,0
319,ah oui bah vas y,0
320,heu alors vous aviez mis quoi vous comme objectifs du quartier,0
321,ouais ouais,0
322,il faut du temps pour ça,0
323,t’imagine ça c’est des petits parcs et au milieu t’as ton gros point collaboratif tu vois  par exemple,0
324,j’ai l’impression du coup dans ce cas ça va être ,0
325,hum,0
326,oui nan mais ce que je veux dire ce je veux dire c’est qu’on sous-entend que si on propose on sous-entend que c’est avantageux de ce point de vue là,1
327,donc donc tu marques heu tu marques l’idée d’intergénération de famille,0
328,alimentation,0
329,un gymnase nan ?,0
330,voilà et on aura par exemple ça va être pour c’est compatible avec ton idée genre on va avoir on va on pourra genre si on économise si on fait moins de déchets ou bien si voilà on produit plus d’électricité pour le village on gagnera de l’argent,1
331,favoriser l’échange entre les gens par le biais de services,0
332,et de certains équipements d’intérêt général ou des trucs comme ça,0
333,ouais là échange des idées ((écrit)),0
334,vous aviez dit bibliothèque ,0
335,mais par contre dans le cadre de la communauté y’a pas de notion d’argent,0
336,j’avais mis un festival aussi de je ne sais pas quoi mais qui fait qu’il y a plein d’autres écoquartiers qui viennent enfin c’est un échange voilà ,0
337,et si personne a réussi à faire tomber l’objection je pense qu’on doit recommencer et la personne qui a le droit de recommencer c’est la personne qui a fait l’objection,0
338,ouais mais tu vois un truc,0
339,moi j’ai fait des points temps,0
340,on pourrait aller plus loin mais,0
341,compromis entre maisons individuelles heu petites maisons individuelles privées  ,0
342,comment la prise de décision se fait,0
343,ouais,0
344,bah c’est assez éloigné hein ((rires)),0
345,mais après c’est pas forcément les habitations dans leurs termes  les bâtiments eux-mêmes mais aussi l’organisation spatial ou géographique,0
346,et ça créé de l’énergie,0
347,on peut faire des PowerPoint,0
348,tu laisses le voisin acheter une Playstation  après tu vas le voir ((rires)),2
349,ouais,0
350,voilà des,0
351,ouais ouais tout est de ouais ouais carrément,0
352,moi je trouve que cette question elle est très très large alors ,0
353,mais c’est d’être absolument pas jugé par les autres personne te jugera parce que c’est un point d’accès à,2
354,en ce qui concerne l’électricité il y a encore une idée innovante que j’ai que j’ai lue dans des articles  ça serait intéressant de l’ajouter en fait quand il y a des centres de calcul heu avec des serveurs qui sont en train de calculer des données en fait ces serveurs ils travaillent 24 heures sur 24 donc ces serveurs ils produisent de la chaleur donc je ne sais pas le système exact mais ils sont reliés à un système qui qui stocke l’énergie parce que pour faire des calculs il faut des serveurs donc ces serveurs il y a un transfert d’informations tout le temps sur ces serveurs donc heu ça crée une énergie cette énergie est transformée en énergie électrique qui est utilisée pour l’électricité ou le chauffage des des maisons donc si tu veux rajouter juste centres de calcul,0
355,ah oui oui j’ai compris d’accord d’accord,0
356,les coûts ?,0
357,et de garder heu,0
358,juste un classement heu,0
359,ça ça pourrait marcher si on avait des robots pour le faire,0
360,je pense que pour les gros investissements genre,0
361,comme ça ça laisse le droit à chacun de pouvoir heu,0
362,Ah mais tu veux toi tu veux qu’il y ait un chef en fait ?,0
363,voilà ça dégage de la chaleur on va réutiliser ça,1
364,je pensais genre juste à peut-être pas un bâtiment mais une partie de bâtiment qui soit avec un petit bureau ou une supérette ou,0
365,ouais c’est ça en termes d’électricité ouais ,0
366,oui nan mais exactement,0
367,emploi à proximité,0
368,ouais,0
369,tout numériser en fait,0
370,ouais c’est ça,0
371,heu quartier autosuffisant,0
372,ouais mais c’est un compromis ,0
373,mais par exemple ouais pour l’achat d’une voiture tout le monde veut acheter une Renault Scénic et lui il dit bah moi je veux pas de Renault Scénic est-ce que je connais un moyen d’avoir une autre bagnole mieux et moins chère et puis il arrive et puis à peu près c’est accepté,1
374,pas sûr ((répond à L1)),0
375,du coup je ne vois pas trop les trucs climatiques je vois pas en quoi ?,0
376,ouais c’était plus une étude de coût pour savoir un petit peu  ,0
377,on peut mettre outils électroportatifs  c’est jardinage etc,0
378,non vas-y vas-y,0
379,ouais ouais  potager,0
380,c’est pas une question de faisable c’est une question aussi  d’atteinte à l’environnement moi je pense,2
381,bah c’est pour ça que ouais y’a les ressources non partageables après enfin ce que tu juges non partageable c’est ça ce que je veux dire,0
382,ouais j’ai mis aussi les outils ouais,0
383,ouais ça les trucs comme ça,0
384,un système de réservation,0
385,aléatoire,0
386,par exemple ta priorité elle diminue au fur et à mesure que tu réserves ou si tu réserves tout seul,0
387,après dans ce genre de cas enfin y’a une collabo- enfin une culture ce que j’ai marqué c’est une culture commune dissociée d’une culture de l’individu c’est vraiment séparer ces deux notions ,0
388,enfin,0
389,mais tu dois c’est juste que tu dois participer à l’élaboration d’une solution pas forcément dans l’apport total de la solution ,2
390,après on peut mettre moi j’avais mis genre les souvenirs de famille ou les objets de famille parce que bon ça ne se partage pas tu vois,0
391,ouais mais souvent le seul qui est contre ça va être le chiant de service il va proposer une solution qui va pas,1
392,c’est le principe un peu en gros si quelqu’un a quelque chose que t’as pas enfin si en gros tu payerais toi tu payerais la même facture si quelqu’un consomme plus que toi tu vois,2
393,j’ai pas trop d’autres d’idées  donc je mets le système de planning pour les tâches communes ?,0
394,oui et tu peux prêter et tu peux emprunter des choses et en même temps c’est je ne sais pas si on fait une personne responsable pour acheter les choses pour remplir le stock ou si c’est les personnes eux-mêmes,0
395,ouais,0
396,après on n’est pas,0
397,nan c’est c’est par exemple faut pas penser à c’est faisable ou pas en fait,1
398,nan ce n’est pas par rapport au manquement mais c’est juste par rapport à à un studio je pense que ça consomme beaucoup moins qu’un appartement pour quatre personnes du coup tu vas lui mettre quand même le même nombre de panneaux solaires ,2
399, ((acquiescements)),0
400,après tu on peut aussi  je sais plus si c’est relative à une question mais  tu sais t’avais un côté tirage au sort  ou t’as une personne qui pourra avoir le dernier mot tu vois c’était sur le truc de décision là les,0
401,genre typiquement quand tu rentres chez toi il est 22h et puis t’as envie de te faire un café t’as pas de café ça t’emmerde,1
402,c’est surtout dans le partageable ,0
403,puis pareil avec des trucs électroménagers type machine à laver,0
404,après si tu fais une énorme éolienne pour le quartier,0
405,ouais,0
406, ((acquiescements)),0
407,un bureau  ouais un espace bureautique  et immatériel heu il y a encore quelque chose en matériel,0
408,d’accord j’ai marqué jardin ,0
409,genre tu auras des espaces verts à côté du bâtiment heu autour de la maison,0
410,ouais,0
411,oui,0
412,donc c’est quoi votre vision du quartier ? chacun en parle un petit peu,0
413,et ta cotisation augmente,0
414,hydraulique voilà ,0
415,genre autosuffisance heu ,0
416,nan mais c’est déjà pas mal et toi t’avais mis quoi,0
417,j’ai une idée en tête c’est faire des maternités collectives ,0
418,et une autre question sociale faire du lien social,0
419,ouais je vois ce que tu veux dire bah tu veux qu’on mette ça du coup en gros heu il faut un partage en gros moi c’est ce que j’avais un peu mis dans l’idée c’est que genre enfin tout est partageable tant que chacun a ce qu’il veut enfin tu vois ce que je veux dire ? tant que chacun a ce dont il a besoin,0
420,nan mais en bordure à l’endroit où on a aussi des cultures ,0
421,et au bout de 8 ans c’est ca- ça se casse et ça se recycle pas je veux dire c’est un peu un truc ,2
422,en fait ça fait des quartiers vraiment habités à certaines heures et le reste totalement mort et ils comparaissaient à Paris où en fait à Paris bah t’as les cafés sont placés de manière vachement enfin heu,2
423,bah heu ouais je sais pas je sais que ça avait déjà été mis en place dans un endroit des éoliennes et que ça avait fait,0
424,oui si y’a pas d’argent ça sert à rien quoi enfin l’héritage,0
425,heu nan,0
426,en plus ça demande de la place hein,1
427,ouais sans avoir besoin de téléphone ((écrit)) ,0
428,d’eau d’électricité ouais,0
429,qu’est-ce qui y’a,0
430,obligation de justifier ses objections ((écrit)),0
431,comment on fait bah peut-être qu’il y aura de l’eau,1
432,comme les tutoriels ouais,0
433,moi je penserais plus à des trucs dans le genre des ressources partageables des trucs de de trucs de consommation bêta genre t’as ,0
434,voilà,0
435,ouais tu mets ça,0
436,non ce n’est pas un chef c’est une personne qui va faire plus de choses pour la communauté tu comprends,0
437,et si la personne qu’est contre est plus intelligente que toutes les toutes les personnes qu’ont proposé un truc il pourra avoir toutes les excuses,1
438,vie associative comme le partage de passions tiens untel aime tel sport telle musique bah tient viens avec moi,0
439,excentrique ouais observatoire ((écrit)) ,0
440,et j’avais pensé à un café un peu tu sais je sais pas si vous connaissez il y a un café qui a ouvert à Paris où c’est un anti-café ,0
441,moi dans services et tout j’avais mis tout ce qui est garderie animation  enfin je ne sais pas si vous êtes d’accord,0
442,donc pour le bah comme il avait dit heu quelque chose d’annuelle tu avais dit ?,0
443,bah faudrait essayer,0
444,avec le conflit qui se créer et tout,0
445,donc en fait lui il dit que tous avoir tous les mêmes panneaux solaires s’il y a un surplus ça serait peut-être concentré dans quelque part d’autre vers l’éolienne disons et si quelqu’un a un surplus de consommation il utilise l’éolienne,0
446,ouais ((répond à L4)),0
447,au niveau des applications tout ça savoir ce qui est disponible ce qui n’est pas disponible avec de la visualisation si c’est disponible ici ici,0
448,ouais donc heu,0
449,après dans un rapport de diffusion du coup c’est plus facile de s’ordonner dans un immeuble parce que t’es beaucoup plus resserré quoi,2
450,et ouais éoliennes j’avais mis mais des jolies éoliennes parce que j’ai vu qu’ils sont en train de développer des éoliennes en forme d’arbres et en fait le vent il fait enfin ils font des fausses feuilles et le vent bouge les feuilles et du coup c’est ça crée de l’énergie,1
451,alors tu le vois comment ton quartier toi ((rires)),0
452,quand tu manges chez toi par exemple c’est tu peux acheter des choses pour toi quoi,0
453,tu mets en place une cotisation en fonction de tes utilisations,0
454,ouais c’est bien,0
455,voilà l’objectif des panneaux au lieu d’avoir heu,0
456,ah ouais on peut mettre ça c’est une bonne idée le slow food je n’ai jamais entendu ça,0
457,ou bien,0
458,faut qu’on se dépêche mais bon juste pour dire pour l’idée peut-être que est-ce que c’est qu’on peut produire une grande quantité ou pour le coût,0
459,oui où il fait bon vivre,0
460,alors moi j’ai marqué heu moi je voyais le truc un peu de façon pyramidale  t’avais le quartier on va dire qu’il est centralisé pour les ressources en eau en électricité et qu’à partir de ça tu as t’avais genre que il c’est alloué aux habitations  ,0
461,faut essayer de maximiser l’information sur tous les biens collectifs leur accès,0
462,parce que ça du coup on peut mettre des plantations au pied des éoliennes et tout ça,2
463,bah en fait là je pensais on peut imaginer une    des gens dans le quartier qui pourraient avoir envie d’exclure quelqu’un du quartier mettons,0
464,on peut aussi imaginer qu’on n’est pas du tout dans un rapport d’argent du tout,0
465,ouais,0
466,un système de prise de décisions anonyme en fait,0
467,ouais bien sûr,0
468,ouais ouais,0
469,c’est-à-dire que c’est parce que,0
470,heu après systèmes d’échange ?,0
471,après moi je pensais heu les dans le genre immatériel les savoirs qui peuvent être partagés avec des ateliers,0
472,et heu donc du coup plutôt que d’avoir à chauffer en hiver par exemple il fait 0° tu fais passer sous un tuyau ça chauffe l’air jusqu’à 15° tu as donc juste à chauffer 5° d’écart ce qui évite à avoir à en rajouter ((acquiescements général)),0
473,c’est des trucs que tu peux capter aujourd’hui avec les capteurs tu peux savoir combien de fois tu utilises la laverie par an et donc tu ajustes la cotisation d’après en fonction de ce que tu utilises comme équipement,1
474,c’était bien l’exemple comme au Québec,0
475,ouais mais avec les maisons individuelles tu as aussi plus de déperdition,2
476,ou potager,0
477,enfin on va peut-être pas le ou tu vois rien que la production du panneau solaire elle est déjà super polluante donc ,2
478,piscine ,0
479,ouais,0
480,moi j’ai mis tout ce que c’était enfin tout ce que les gens ne voulaient pas partager,0
481,et du coup je me suis dis que peut-être en dernière recours peut être que ça marchera pas mais,0
482,des événements climatiques ,0
483,mais après effectivement c’est intéressant ce que tu dis sur  au niveau des transports par exemple si tu veux prendre un transport individuel il faut que tu justifies par exemple ce que tu emploies tu vois,0
484,oui ça c’est intéressant,0
485,comme les vélib,0
486,ou espace bureautique ouais,0
487,bah,0
488,ouais,0
489,multiservices,0
490,après chaussure tu peux pas le  le garder par exemple,0
491,d’une ressource soleil voilà ou vent ,0
492,mais du coup tu vas économiser,1
493,numérique ouais,0
494,je pense autant que lister les avantages les inconvénients,1
495,ouais ,0
496,tiens tu peux mettre aussi une plateforme dans le numérique ,0
497,tu peux inviter à manger par exemple on va dire  heu de n’importe quelle région tu vas prendre le temps de connaître la vie du quartier,0
498,je sais pas vraiment si y’a un accident climatique je sais pas qu’est ce qu’ils font faire la communauté pour s’en sortir par exemple,0
499,c’est la quantification de tout voilà,0
500,ouais,0
501,ouais,0
502,ouais,0
503,bah vas-y dis ce que tu as marqué,0
504,c’est ça que je demande ((utilise son ordinateur)) je pense que oui parce que j’ai déjà vu y’a des voitures qui utilisent ça,1
505,je ne sais pas comment on dit ça des bectchs,0
506,ouais ouais,0
507,ah oui aussi ça tu as déjà posé ça ?,0
508,ouais,0
509,tremblement de terre donc c’est-à-dire t’as un espace surélevé un peu sur un terrain vague donc ça fait que déjà t’enlèves les problèmes sismiques d’inondation et tout ce que tu veux vu que c’est une zone de repère un peu pour la communauté de se réunir là et justement travailler après sur les solutions ,0
510,on est dans un rapport d’information constant sur tout quoi,0
511,bah avec le système de confiance il n’y en a même pas besoin,2
512,ouais ouais énergie,0
513,ouais oui c’est un peu excentrique c’est ça,0
514,heu et j’avais mis quoi: une salle informatique,0
515,bah en fait y’a le côté environnement bah on va limiter la consommation des ressources et puis les atteintes à l’environnement etc,0
516,voilà,0
517,ouais c’est ça,0
518,c’est recycler aussi,0
519,tu peux avoir un pour l’achat d’une voiture tu peux proposer je sais pas prendre le bus prendre autre chose tu vois  si vraiment c’est pas possible et je sais pas moi je pense que ça pourrait marcher ,1
520,ouais,0
521,on peut faire genre le four est allumé de telle re à telle re,0
522,et je pensais j’avais pensé aussi à une laverie,0
523,ouais,0
524,((L4 regarde L2)) ouais je dis rien,0
525,maisons mitoyennes ok moi je suis un peu trop contre les maisons mais  mais c’est juste enfin c’est ma déformation de,0
526,bah t’imagine que ça c’est tes habitations que ça c’est un point collectif pour cette agglomération là mais par exemple que si tu veux un,0
527,heu du jardinage les matériels de sport heu matériel comme un tapis heu genre un tapis ,0
528,ouais tu pars dans un,0
529,lake,0
530,mais après c’est sûr que faut faut s’entendre après faut ça doit être compliqué,2
531,ouais j’avais noté un truc qu’était en lien avec ça c’était ,0
532,de pas consommer de pas surconsommer,2
533,nan mais ça dépend,0
534,on aura un espace créativité genre,0
535,alors heu,0
536,tu peux mettre débat public et après tout ce qui est prise de décisions heu,0
537,d’accord pas de facture commune mais par contre les ressources on pourrait les partager au final,0
538,des mélanges de savoirs,0
539,ouais ça c’est les lieux collaboratifs,0
540,ouais,0
541, ouais je veux mettre des points ou je veux pas mettre des points,0
542,ouais pourquoi tu le fais,0
543,je veux dire c’est plus que discuter c’est plus que essayer de convaincre l’autre etc c’est que au bout d’un moment bah si tu veux décider sans prendre de sans faire de vote et tout,2
544,ouais,0
545,oui oui,0
546,ouais bah après du coup,0
547,oui mais normalement c’est censé s’équilibrer,1
548,moi j’ai mis en place,0
549,oui une supérette un commerce mais peut-être que,0
550,elle soit plus forte enfin plus faible que ce que ça te,0
551,ouais x,0
552,heu non,0
553,dans le numérique ouais  donc un système de calcul intelligent qui fait une comparaison,0
554,tu paies c’est tu paies  même ouais c’est ça  enfin moi  ,0
555,ah oui du coup:,0
556,ah oui de la caution ,0
557,oui après voilà on peut utiliser l’énergie hydraulique pour heu,1
558,nan mais tu vois oui c’est ça mais en gros il a son propre argent et en fait avec le c’est le quartier ce n’est pas directement les gens qui achetaient,0
559,nan mais justement dans le,0
560,c’est le quartier collaboratif qui va faire le recyclage de l’eau c’est ça ?,0
561,des outils des ressources et on va avoir des afficheurs intelligents heu un affichage à la maison on aura par exemple là la perceuse ((mime)) genre tu as la perceuse heu si elle est en vert heu si c’est vert c’est qu’elle est disponible et sinon elle n’est pas disponible,0
562,d’un point de vue énergétique,0
563,ouais bah tu peux mettre ça si tu veux,0
564,je suis dangereux il faut que j’y aille tout seul ((rires)),0
565,on peut mettre ce système de tirage au sort pour ((écrit)) si besoin tirage au sort  ,0
566,moi je pensais aussi à côté justement s’il y a une objection et que personne n’arrive à se mettre d’accord tu fais comme dans tu sais comme dans les tribunaux quand il y a le jury qui se réunit ils ont pas le droit de sortir tant qu’ils n’ont pas pris une décision comme ça tu vois au moins tu es obligé de choisir enfin de,0
567,parce que ça dégage de la chaleur,0
568,d’accord mais quand tu,0
569,en fonction des besoins ?,0
570,au final genre bah tous les oui c’est en fait t’essayes de rendre public le maximum de choses,0
571,et où ça serait un quartier intergénérationnel quoi ça ne serait pas que genre des familles de 30 ans quelque chose comme ça,0
572,t’es pas dans une notion forcément de consommable,0
573,c’est une solution ouais,0
574,tu prêtes,0
575,oui et non parce que du coup il ne faut pas qu’ils fassent trois kilomètres pour déposer leurs enfants heu que ça soit galère au niveau de la crèche pour les récupérer enfin,1
576,yes,0
577,on aura,0
578,sortir de cette,0
579,d’accord d’accord bah c’est bien,0
580,voilà exactement  après par exemple dans le consensus est-ce que on peut aussi dire que toutes les personnes de la communauté font partie de ce consensus,0
581,ouais,0
582,parce qu’en fait tu payes genre 4 euros l’heure enfin ouais c’est par heure et tu te sers autant que tu veux de ce qu’il y a et du coup tu restes pour travailler quand tu as besoin de travailler tu vois un espace heu,1
583,y’a pas la place pour caser tout le monde quoi pour tel qu’on est déjà dans des dans des maisons bien espacées,0
584,constitution ou heu alors charte de vie ?,0
585,genre jardin potager ou peut être,0
586,ouais le gaspillage machin ouais,0
587,ouais je sais pas ,0
588,heu énergie créée à partir d’une force mécanique ça vous dit j’ai j’ai déjà vu ça c’est très intéressant ,0
589,ouais du coup je marque quoi je marque heu ,0
590,l’accès à plus de ressources aussi,0
591,ouais j’ai mis aussi heu alors heu: espace d’art on aura un espace d’art genre ,0
592,heu des réservoirs d’eau de pluie un compost,0
593,enfin imaginez un ensemble d’évènements qui pourraient arriver dans votre quartier ((lit les consignes)),0
594,ouais c’est un peu ça ouais bah du coup réseau d’échange l’affichage intelligent ,0
595,ouais  on est tous d’accord,0
596,heu oui,0
597,tu peux noter,0
598,mais après il faut voir comment on gère le compte bancaire,0
599,c’est ça oui,0
600,donc c’est une bonne idée,0
601,l’organisation d’un quartier collaboratif ouais  ,0
602,on va avoir heu soit on ne va pas avoir d’eau soit on ne va pas avoir d’énergie solaire donc y’aura une baisse d’énergie heu,0
603,après ça dépend combien de temps le panneau dure aussi  si s’il tient 300 ans,1
604,ouais ouais,0
605,ça marche pas tellement non plus,1
606,la mise en  prioritaire l’emploi des objets et tout  ,0
607,ouais ça existe déjà ((répond à L2)),0
608,hum hum,0
609,pour que ça soit équitable ,2
610,c’est,0
611,espace pour faire du bricolage,0
612,donc je mets recycler au maximum,0
613,une clôture à une date fixe,0
614,je ne sais pas un travail heu,0
615,ok alors je mets sanitaires,0
616,où il y a du développement durable,0
617,c’est pas mal ça,0
618,oui j’ai j’ai,0
619,le slow food,0
620,ouais tout le monde te montre du doigt si tu prends trop d’eau tu vois,2
621,ouaisj’ai ça aussi ouais c’est ce que j’avais mis c’est cool on avait mis les mêmes choses ,0
622,ouais par exemple salle de sport je trouve c’est bien moi,0
623,d’accord donc moi j’ai j’ai dit l’idée du partage aussi comme toi  ,0
624,ouais voilà,0
625,il a pris l’exemple du bricolage,0
626,les habitations alors ,0
627,ouais du coup numérique ,0
628,ouais,0
629,du coup j’ai mis force mécanique salle de sport déplacements en vélo,0
630,ouais mais voilà nan mais c’est ça,0
631,ceux qui ont les meilleures idées les meilleurs donc ça va être une sorte de compétition entre ceux qui ont produit le moins,0
632,d’eau d’électricité ou du groupe en fait pistes de réflexion pour l’évolution,0
633,ouais c’est ça,0
634,on parle plutôt de la décision et de l’acceptabilité par tout le monde,2
635,une ferme ouais mais justement il va y avoir vu que ça va être on vise voilà on va viser un quartier autosuffisant donc il y a ce genre de choses une ferme un poulailler et tout et ça pourra être tout ça va être au centre par exemple ou bien et on va ça va les genre les maisons elles vont entourer cet espace vert,0
636,oui,0
637,Concours ?,0
638,et tu fais ça à ce moment là,0
639,ok donc heu ,0
640,ouais voilà exactement  tu vois un forfait avec la 4G c’est pas mal,0
641,alors une bibliothèque aussi ?,0
642,ce qu’il ont posé sur la vidéo certains des: à mon avis tu n’es pas des citoyens ou pas d’accord quand tu fais des objections c’est tu dois te justifier et si personne pour tomber ton objection ça veut dire que l’idée est x,0
643,et que tu l’as choi- voté enfin pas voté dans ce cas là mais,2
644,ouais en même temps que mettre que l’autre il est dans la solution,0
645,oui tu peux mettre,0
646,en fait pour moi c’était un peu différent parce que ça c’est plutôt au niveau atteinte à l’environnement quoi c’est ce que tu prends et ce que tu rejettes,2
647,donc du coup tu aurais ce principe-là via une personne que tu ne connais pas ou un ami,0
648,ouais recycler et minimiser la production de déchets parce que par exemple pour la minimiser pour qu’on n’ait même pas besoin de recycler des fois au lieu d’avoir un emballage heu y’a des emballages qui servent à rien on va pas les on va pas utiliser l’emballage puis le recycler parce que le recyclage ça va avoir un coût on va heu d’entrée ne pas avoir d’emballage,1
649,ouais les lieux collaboratifs qu’est ce qu’on avait dit donc laverie ,0
650,ça ça on a mis,0
651,oui mais ça serait quoi leur travail ?,0
652,je sais pas comment on appelle ça mais un truc où t’as le truc des voitures le truc des,0
653,Quoi ?,0
654,ouais parc ouais,0
655,pas avec tout le monde,2
656,ouais,0
657,ouais voilà et bah justement à partir de cette idée de puits on arrive à une idée de forfait tu vois  et donc ce que je veux dire c’est que c’est là qu’on rebondit sur des choses quitte à aller un peu trop loin dans un premier temps ensuite se se refocaliser sur des choses du coup qui sont nouvelles tu vois tu vois c’est nouveau là c’est le seul truc qu’on a listé qu’ex- enfin ça existe déjà le forfait mais ce que je veux dire c’est que,0
658,heu vidéothèque je peux mettre cinéma,0
659,donc pour avoir une consommation modérée et responsable,0
660,enfin ce n’est forcément enfin mettre toutes les habitations toutes plein sud mais à l’intérieur ,0
661,ouais,0
662,ouais,0
663,ouais ouais c’est sûr,0
664,ça pourrait être aussi heu  bah heu  s’il y a deux quartiers il y en a un qui consomme plus que l’autre bah voir pourquoi,0
665,cuisine ,0
666,ouais mais ce qu’elle veut dire c’est que une personne ne consomme pas autant que quatre par exemple,0
667,ouais,0
668,ah un lac étang,0
669,les autres auront pas forcément,0
670,ok du coup j’ai mi que c’était autour j’ai mis un réservoir d’eau de pluie ici,0
671,oui oui oui si t’as une personne qu’est pas d’accord sur 100 tu peux quand même voter le truc enfin,0
672,mais ça peut être,0
673,si tu peux faire un échange d’objets tu peux aussi faire un échange en disant bah je propose de faire des cours de ça de garder les enfants de ceci celà,0
674,heu alors pour moi ça serait des habitations type appartements  heu dans des immeubles mais genre de deux étages avec le rez-de-chaussée et heu plutôt de forme rectangulaire ou carré enfin pas des trucs trop gros quoi,0
675,ouais mais ça c’est ça du coup c’était dans les lieux collaboratifs  on peut faire un bibliothèque ou un machin comme ça  ,0
676,d’accord,0
677,oui sur la consommation les échanges sur le,0
678,heu attends j’ai acheté cette machine à laver 800 balles l’année dernière ça me casse les couilles que tu viennes laver ton linge tous les jours ,2
679,ce n’est pas un pouvoir des choses ce n’est pas créer pas une hiérarchie de pouvoirs tu comprends ,2
680,le point le plus important c’était quoi c’était  économiser l’utilisation des ressources,0
681,ouais,0
682,voilà y’aura genre,0
683,ouais voilà une fontaine,0
684,académiques dans les dans les ressources partageables là je mets tout ce qu’on a dit  on a dit ça ou je l’ai dit dans ma tête ((rires)),0
685,tu m’as dit quoi vie associative,0
686,au niveau des consommations d’eau et d’énergie je suis pas sûre que ce soit une bonne idée,0
687,heu moi j’ai marqué chauffage aussi,0
688,je pense qu’on peut considérer un événement chaotique,0
689,ouais,0
690,oui mais ça veut dire que tu dois faire… moi j’ai mis une sorte de supérette dans le quartier,0
691,ouais tout ce qui est biens d’équipement tu peux mettre tout ce qui est bien d’équipements bah achats groupés,0
692,je suis d’accord avec toi l’idée est intéressante mais le flux d’énergie qu’il y a par exemple sur les serveurs Google il peut servir aussi pour la communauté  parce que comme dans l’exemple précédent les tablettes si tu as besoin de savoir ta consommation  ces serveurs-là justement peuvent aider aussi,0
693,c’est heu c’est difficile parce que les gens ont un travail tellement différent je veux dire on des emplois tellement différents,1
694,ah oui voilà,0
695,même toutes décisions même des décisions genre si on vient proposer quelque chose heu un changement heu,0
696,alors heu système d’épuration de l’eau voire un système,0
697,oui,0
698,ou qui ne seront pas d’accord tout court,0
699,récupération de l’eau de pluie ,0
700,voilà,0
701,bah nan parce que oui enfin oui ça marche aussi,0
702,le principe c’est pas de faire ça mais c’est juste de dire que bon on peut trouver un moyen de sensibiliser la personne sa consommation d’énergie tu vois je te dis pas d’aller chercher de l’eau dans un puits c’est complètement,2
703,ah par exemple pour les personnes heu pour ceux qui sont quatre c’est ça ?,0
704,ouais,0
705,pouvoir également genre heu bah les équipements publics pouvoir voir genre s’il reste des voitures de libres ou pas,0
706,tous les lieux publics quoi tu vois,0
707, ouais  ,0
708,et après y’avait dans une vision futuriste moi je pensais à une salle de sport  par exemple tu vas faire tourner x ça produit de l’énergie,0
709,voiture vélo,0
710,je pense,0
711,ok je pensais à un musée alors un musée un peu collaboratif où chacun met les objets qui sont importants pour lui je me disais que ça pouvait être marrant,0
712,là c’est juste pour établir un rapport où  tu as un peu d’obligation à regarder ce que tu fais et à,2
713,ouais tu fais quartier hétérogène,0
714,enfin,0
715,ok ça te va ?,0
716,bah si,0
717,et c’est chacun qui bah avec le système de points du coup qui dit j’ai ça j’ai ça je suis là deux res pour garder vos enfants ça vous coutera deux points ((rires)),0
718,et ensuite il y a l’idée du partage qui vient donc heu pour partager tout ce qui y’a tout ce qui est ressources matérielles comme immatérielles des connaissances des services ce qui vient dans la question d’après ,0
719,utiliser des équipements qui créent de l’eau à partir des particules qu’on trouve dans l’air,0
720,ouais mais quand on parle de culture commune on parle pas forcément effectivement d’une implication concrète,2
721,oui,0
722,ouais,0
723,ok,0
724,c’est un bout de ville c’est un quartier hein,0
725,si après en plus y’a des cultures communes qui se construisent tant mieux ou tant pis après ça dépend comment tu vois le truc,0
726,oui oui nan après c’est sûr,0
727,mais après tu fais quoi tu fais l’arrosage des espaces verts,0
728,ouais festivals les congrès heu oui pour,0
729,ouais véhicules,0
730,tous les jours et il a une priorité nulle,0
731,comment seraient les habitations ((lit)) ?,0
732,oui mais ça c’est du nucléaire du coup,1
733,j’appelle ça comment prêt ((écrit)) oui c’est vrai que si t’as une application avec tous les trucs que tu proposes tu peux soit les mettre,0
734,oui optimisation de la gestion de ressources,0
735,voilà,0
736,et heu,0
737,bah avoir nan c’est c’est comme optimiser les ressources quoi en fait c’est avoir accès à plus de ressources ça rentre dans l’optimisation je pense,0
738,et atteinte à l’environnement ouais je voulais dire rejets et tout ça enfin,0
739,non clairement évidemment ça oui oui évidemment ,0
740,justement ou un chef de groupe faut toujours que y’ait quelque chose comme ça tu vois  ,2
741,d’accord heu moi j’avais mis c’était moins détaillé j’avais juste mis heu que les habitants soient heureux et épanouis,0
742,mais du coup ça veut dire que tu perds toute aide de l’élec- enfin de l’électricité si le studio il a quatre panneaux solaires mais qu’il lui en faut que deux  parce que là enfin je ne pense pas qu’on puisse stocker l’électricité ?,0
743,voilà moi j’avais mis ça dans système monétaire ,0
744,((tends sa feuille à L4)) bah du coup c’est un système où en bleu tu produis et en vert tu répartis  tu redispatch,0
745,bah je peux mettre partage plus asso associatif ,0
746,moui,0
747,comme ça je sais il me manque je dis n’importe quoi je sais pas une casserole je vais t’emprunter ,0
748,heu heu on peut discuter de ça deux secondes,0
749,moi je parle pas forcément,0
750,heu vis-à-vis de l’environnement vis-à-vis de l’économie et donc,2
751,mais comme là on est dans le truc idéal et on ne réfléchit pas à la faisabilité mais juste à des idées,1
752,nan mais après on n’est pas des ingénieurs enfin moi je suis pas ingénieur tout ça on va pas forcément calculer à chaque fois si  le rapport énergétique parce qu’on peut pas le calculer,1
753,bah justement on n’a pas de méthode de tu vois quand y’a une opposition qu’est-ce que tu fais quoi,1
754,là,0
755,ouais les vidéos comme c’est comme les vidéos là,0
756,oui,0
757,voilà ouais voilà,0
758,des workshops c’est ça ?,0
759,heu ouais,0
760,bah c’est surtout en fait aussi tu prends que ce que tu que ce dont tu as besoin donc ,2
761,il faut avoir des ,0
762,ou ayant le mieux géré ses ressources énergétiques,0
763,ou pour ton ipod ouais ouais très bien,0
764,heu moi j’avais mis imprimantes et scanners heu pas forcément l’ordinateur que chacun ait son ordinateur et après pour tout ce qui est imprimante machin,0
765,alors j’ai pensé bon on aura une bibliothèque ,0
766,sportive culturelle,0
767,bah c’est du coup c’est joli et en plus ça crée de l’énergie parce que les éoliennes c’est moche,1
768,ah oui c’est une bonne idée,0
769,ouais,0
770,donc on a un total par jour journalier de coins,0
771,oui buanderie,0
772,oui c’est je ne sais pas comment dire ça mais c’est les personnes qui veulent essayer de gagner tout le temps,0
773,ouais ça ça c’est avec des systèmes de dynamo tu peux ça peut être cool,0
774,le quartier chinois italien,0
775,ah ouais c’est bien ça récupération d’eau de pluie,0
776,mais à ce moment là,0
777,voilà à la limite ça va être un truc artificiel mais ça va heu: ça va créer un: on va créer heu: y’aura un petit écosystème où il y aura des animaux genre,0
778,passez-moi cette première feuille je vais marquer les exemples,0
779,ah oui et j’avais mis aussi  que s’il y avait une opposition du coup soit c’était heu enfin soit c’était redébattu plus tard  le temps de trouver d’autres solutions soit c’était heu soit on décide qu’on abandonne l’idée carrément,0
780,après désolé  de faire le mec relou mais enfin pour moi c’est juste t’essaye d’améliorer ton propre comportement en espérant que les autres fassent la même chose ,2
781,pour un quartier oui mais après,1
782,mais est-ce que avec la monnaie périssable tu peux acheter de la bouffe par exemple ?,0
783,ouais nan mais le forfait bloqué quoi,0
784,ouais ouais,0
785,du coup tu changeras à chaque réunion,0
786,"on n’a pas besoin de tout est produit localement on n’a pas besoin de heu, on minimise la production de déchets ",0
787,tu as encore quelque chose,0
788,les déchets des produits,0
789,oui j’ai pensé la même chose des,0
790,ouais j’ai mis ça d’ailleurs pénurie ça serait un meilleur mot,0
791,ouais ouais et on verra après  parce que là on est obligé de x ça fait déjà dix minutes et tout,0
792,nan mais ça empêche l’épargne après,2
793,pour le jardin les plantes on utilise heu,0
794,voilà tiens dans ressources partageables d’ailleurs on peut mettre infrastructures de santé non les hôpitaux,0
795,et aussi genre centrales thermiques  donc comme ça ça permet en plus de chauffer les maisons et avec le surplus de  de chaleur on peut faire de l’électricité quoi,0
796,dépôts et entrepôts pour les outils de jardin avoir un coin bricolage,0
797,pas forcément,0
798,bah en fait c’est pas di- enfin c’est absolument compatible c’est juste qu’en fait la création d’une cul- culture commune de d’économie etc ça fait qu’on est plus dans un rapport avec soi ou avec tes croyances ou quoique ce soit on est juste dans un rapport où en fait on se dit tous qu’il faut enfin que c’est normal,2
799,ouais genre t’as un forfait eau quoi,0
800,consoles de jeux,0
801,non partageable je peux mettre énergie eau,0
802,et plutôt du coup des appartements que,0
803,en gros c’est problèmes sociaux ,0
804,voilà ou bien ou des jeux par exemple de: . jeux de société aussi,0
805,quoi ,0
806,clairement ouais mais même tu trouves plein d’agences de pub un peu dans tous les quartiers enfin des trucs comme ça  ,0
807,le consensus tu peux aussi imaginer un tirage au sort d’une personne qui aura par exemple le dernier sur la,0
808,oui un forfait ou,0
809,heu oui ,0
810,oui mais je parle du marché actuel là,1
811,oui c’est ça c’est ça,0
812,on tout est,0
813,oui tu peux avoir une cuisine collective si pour les gens qui ont envie y viennent mais c’est pas forcément un truc ,2
814,galerie d’art ((écrit),0
815,et c’est là où justement on en revient à ces à l’intérêt d’aller créer des  une culture parallèle qui est une culture de la communauté c’est justement t’arrives à exclure ton côté individuel et ton côté con pour pouvoir genre te focaliser sur le bienfait de la communauté parce que c’est quelque chose qui qui  qui te parle directement tu vois c’est là l’intérêt de la création d’une culture et dont comme ce tu vous disiez,2
816,chacun pourra animer la à ce moment-là les réunions,0
817,Hum,0
818,avec une serre en fait une sorte de serre,0
819,hop alors consensus,0
820,j’ai mis outils électroportatifs,0
821,avec un peu d’eau quoi,0
822,ouais,0
823,non c’est bon ok heu pour moi ça serait un peu genre  enfin la combinaison de panneaux et d’éoliennes s’il y a une consommation,0
824,toi tu avais des idées,0
825,je ne suis pas sûre que ça parce qu’une éolienne c’est super cher quand même ((rires)),0
826,tu peux mettre chauffage aussi,0
827,oui voilà mais du coup c’est c’est un arrondissement en fait,0
828,ouais,0
829,je pensais à je pensais en termes plus esthétiques,0
830,ah bah s’ils veulent boire ils ont intérêt à se bouger le cul par exemple tu vois nan mais c’est le principe juste le principe du puits en soit tu vois,2
831,heu que chaque décision doit être argumentée justifiée pour que,0
832,ouais ouais en gros c’est établir un système qui convient aussi bien à l’individu en lui-même et à des groupes de gens qui veulent se rencontrer c’est ,2
833,moi j’avais noté il faut que le partage ne crée pas un… il crée pas un impact économique négatif dans il faut que par exemple heu si on partage heu,0
834,mais c’est un peu ça en fait,0
835,((écrit)) délégations étrangères je mets événements diplomatiques,0
836,ouais faire un débat collectif avec une prise de décision par écrit anonymement ce qui évite les conflits,0
837,genre recycler au maximum,0
838,heu électricité panneaux solaires ,0
839,ouais exactement,0
840,avoir accès à plus de ressources quelqu’un qu’a pas pu s’acheter une voiture parce qu’il avait pas de sous s’il est dans une communauté de dix personnes il pourra y avoir accès,1
841,ouais,0
842,mais si c’est le tableau là t’es plus dans une méthode de résolution enfin plutôt dans un outil de résolution que dans une méthode globale quoi ,1
843,oui comment,0
844,et après heu concession d’une partie d’une partie ou de l’autre  ou de chacune des parties,0
845,si tu,0
846,pardon,0
847,tu veux dire un cas exceptionnel on vote,0
848,bah alors imaginons que tu mets une petite dynamo sur l’ouverture de chaque porte et avec le coup que t’opères en ouvrant tu produits une petite masse d’énergie et que si t’essayes de développer ça sur un maximum d’appareils ou sur tes chaussures ou sur la sur tes semelles je sais pas tu vois,0
849,mais le pire c’est est-ce que les gens ils le feront vraiment enfin ?,0
850,voilà,0
851,ouais ils créent de l’énergie et on garde cette énergie avec une batterie ou quelque chose comme ça,0
852,c’est-à-dire que si t’as quelque chose à mettre en commun bah tu le mets en commun et et après ce sera les applications le système de priorité et tout qui prendra des décisions à ta place quoi  et toi t’es pas acteur de ce que va devenir ton ton produit quoi,0
853,de caution de location,0
854,heu autosuffisance je mets juste entre parenthèses du coup énergie alimentation etc. ?,0
855,et je vois que,0
856,je ne sais pas ((rires)),0
857,heu oui transport heu et on pourrait avoir par exemple des vélos disponibles,0
858,le plus simple n’est de pas tout repousser plus tard ,2
859,oui mais donc dans ce cas tu te ferais payer,0
860,ouais mais en fait le truc c’est que quand ton soleil il va être derrière ton panneau photovoltaïque genre il te balancera,0
861,oui je comprends t’façon t’as ton t’as ton logement personnel après le mec il s’intègre ou pas mais après il peut partager en tout cas,2
862,ouais tu marques tous les moyens de production écologiques déjà,0
863,"d’accord mais qu’est-ce que t’entends par certains sujets qui doivent être bannis de cette, parce qu’on est que sur c’est ça ne comprend que le consensus ne comprend que les sujets relatifs à la vie en communauté ?",0
864,et aussi avec une tolérance à l’environnement c’est-à-dire qu’il faut réfléchir à cette notion-là c’est-à-dire qu’on y vive bien etc qu’on s’échange les trucs mais qu’il y ait un système de recyclage qui soit mis en place qu’il y ait un système de production de l’énergie qui soit aussi mis en place etc et au moins qu’on enfin qu’on qu’il y ait cette dimension-là enfin c’est peut-être à cause de mon,0
865,qu’est-ce que tu fais bah je ce que moi sur un point de vue plus général c’est plutôt de dire que la personne en opposition elle doit devenir actrice enfin pour l’élaboration d’une solution qui lui convient,0
866,emploi à proximité et café à proximité,0
867,et au milieu t’as,0
868,genre la bibliothèque elle peut être commune à plusieurs alors que la laverie elle sera dans l’immeuble,0
869,voilà ouais c’est ça,0
870,((écrit)) heu des jardins,0
871,oui d’accord,0
872,et du coup est-ce que moi je peux mettre heu je fais peut-être un peu dictatrice mais sur l’épanouissement enfin qu’il n’y ait pas d’exclusion que ce soit un quartier qui rende vraiment toute sa population et qu’il y ait pas: enfin tu vois que tous les gens soient là aussi pour être épanouis et heureux,0
873,ouais un réseau d’échange en fait,0
874,ouais c’est ouais quelque chose de complètement,0
875,la perceuse t’as pas envie de la prêter mais ce que je veux dire c’est qu’en fait culturellement si tout es changé et que tu te dis bah en fait ma perceuse c’est un peu celle de toute le monde je veux dire t’es pas obligé d’aller taper l’atelier avec les gens tu vois,2
876,ah mais vous vous voulez une facture commune justement,0
877,ah oui pour pas éviter d’acheter des choses,0
878,et se permettre de faire des choses qu’on ne pourrait à titre personnel ne pas ne pas réaliser ,0
879,et ça oblige les habitants à se bouger pour faire des trucs tu vois,2
880,on fait un grand espace avec des consoles,0
881,voilà par exemple si je prends la perceuse toi tu regardes chez toi,0
882,pour moi c’est pas les deux mêmes trucs y’en a un c’est genre un outil pour trouver une solution et l’autre c’est un concept de solutionnement enfin comment les gens vont interagir dans la solution quoi c’est pas forcément c’est qui va être impliqué dans ce travail et après ce travail ça va être de faire des tableaux des choses comme ça tu vois,0
883,bah,0
884,voilà,0
885,ah oui mais justement c’est ça l’épargne c’est de la merde quoi,2
886,ouais,0
887,c’est limite oui,2
888,c’est plus ((réfléchit)),0
889,oui la question c’est l’humidité de l’air dans ambiance où l’humidité est de 100% c’est pas mal mais si tu comptes c’est 32% c’est impossible de faire,1
890,et avec une quantité limitée pour chaque personne heu en créant un réseau d’outils basiques à mon avis c’est créer un bâtiment,0
891,de l’hydrogène ?,0
892,organiser une réunion  on peut rajouter après tout ce qui est partage de la cuisine comme ils ont montré en fait partager un plat en commun,0
893,après du coup heu voilà qu’est-ce qu’il y a d’autre à mettre panneaux solaires sur le toit ?,0
894,oui mais,0
895,tu choisis mais tout choix tout choix implique un comment dire un une réception sociale de ton choix donc ,2
896,laisse tomber,0
897,c’est pas on n’a pas besoin de système embarqué c’est un système vu que les plantes heu elles sont dans un même environnement elles ont un même besoin tu as juste un capteur qui va détecter dans le niveau il va détecter le niveau d’humidité la température et aussi au niveau du sol les minéraux et tout et heu voilà c’est pas vraiment… déjà il y en a pour des usages domestiques il y a déjà des systèmes heu des objets connectés pour un pot de fleurs pour que tu saches si elles sont bien,1
898,et que après c’est individuellement par exemple chaque communauté qui va décider qu’est-ce que je mets en commun,2
899,moi j’avais mis deux trucs c’est alors déjà possibilité de s’abstenir très important  ,0
900,ah oui d’accord,0
901,oui mais le principe de la confiance n’est pas obligatoire c’est-à-dire que tu peux avoir fréquenté une personne pour plusieurs transactions différentes enfin vingt fois elle t’invite pour prendre le café vous discutez 5 minutes ce n’est pas pour autant que demain tu es prêt à l’inviter et à lui laisser ta baraque,2
902,c’est comme l’application qui est qui est montré sur la vidéo,0
903,si je te dis je suis pas d’accord avec ce que tu dis,0
904,bah nan mais si c’est clair que c’est une perte ça sert à rien quoi enfin,2
905,nan mais ça dépend en fait nan nan mais ça dépend ça peut-être aussi individuel et collectif,2
906,"Seulement je pense qu’il peut être une personne qui, je pense à je suis seul et je voudrais beaucoup habiter avec qui dans une ambiance collaborative, c’est une idée mais en même temps je pense qui sont les gens qui aiment beaucoup les énergies renouvelables ? ",0
907,non,0
908,mais on est que sur des sujets,0
909,et moi ouais justement elles ne sont pas incompatibles justement elles vont pas être incompatibles ,1
910,politiques climatiques ou autres ((lit les consignes)),0
911,alors si chaque personne il a une machine comme ça,1
912,ouais les tutoriels de comment faire,0
913,et tu avais mis les centrales thermiques ?,0
914,ok,0
915,voilà mais c’est justement après c’est dans ta culture et comment tu prends cette culture de communauté que tu te dis bon bah vas y je,0
916,on peut faire un groupe Facebook ou,0
917,donc ça va nous éviter d’imprimer à la manière du bitcoin,1
918,gymnase terrain ((écrit)) heu: . ,0
919,qu’il faudrait en fait une appli- enfin une grosse appli où dedans t’as plein de sous trucs où tu ,0
920,nan je enfin ((répond à L4)) moi j’aurai dit que c’est un échange c’est un truc juste quand tu prêtes comme moyen de solidarité on pourrait lui trouver un nom un truc solidarité,0
921,xx,0
922,de quoi ?,0
923,ressources partageables du coup ?,0
924,mais on s’en fout de ça si ça fait de l’énergie et tout,2
925,oui sinon voilà il faut que le partage je ne sais pas si tu me suis,0
926,ce n’est pas très gai votre truc ,0
927,ouais,0
928,c’est toujours sur chaque truc on essaye de caser  et aussi le chauffage parce qu’en fait les les panneaux solaires en fait ça fait ça dégage quelquefois ça surchauffe et créer un système de ventilation qui passe en dessous et qui chauffe déjà heu heu l’air et chauffe l’air et qu’après on le répartisse ,0
929,Dégagée ?,0
930,ouais bah c’est bien ,0
931,je ne vois pas ce que tu veux dire par centrales thermiques ?,0
932,nan mais tu peux marquer la liste je pense que c’est un procédé qui marche dans la prise de décision c’est sûr,0
933,toi t’arrives dans un truc un peu plus au sujet de la psycho quelqu’un qui se fait mettre en défaut une fois sera beaucoup plus à même de se de d’être sur la défensive dans le reste des interactions qu’elle aura avec les gens effectivement  mais c’est arriver sur des scissions avec les gens et des groupes quoi c’est créer des groupes dans le groupe,0
934,et les piétons les piétons ils marchent,0
935,je pense à la crèche,0
936,donc du coup du quartier pour voir quelles sont les pistes de réflexion et faire évoluer les choses,2
937,pour savoir à quel moment il faut que t’arroses ta plante et de combien,1
938,oui je pense j’ai déjà vu de petites machines qui ont produit pour une famille de 5 personnes ,1
939,ah c’est bon donc alors j’ai mis en place un système que j’ai appelé le système de coins coins c’est en anglais donc je vais vous lire ce que j’ai mis pour pouvoir utiliser les ressources communes une voiture un vélo un système de coins pourra être mis en place,0
940,c’est pas seulement minimiser mais recycler ,0
941,avec solaire ,0
942,ouais,0
943,petites résidences,0
944,"moi aussi j’ai pensé au fait que le coût d’exploitation et de maintenance du quartier il soit raisonnable, c’est dans l’idée autosuffisant on n’aura pas besoin",0
945,moi j’ai marqué tu tu tu tu maximises les ressources partageables enfin ce que je veux dire c’est que techniquement tout peut être partageable,0
946,enfin après je suis d’accord sur le système de recevoir un prix mais une éolienne heu,0
947,ouais,0
948,bah en fait non ce n’est pas ça c’est les serveurs qui sont externes disons je ne sais pas par exemple Google qui a plein de serveurs je ne sais pas si vous en avez déjà vu des des datas centers on appelle ça des centres de données bah il y a plein de serveurs il y a plein d’équipements qui produisent plein de chaleur vu les informations qui passent dessus donc heu voilà je pense que cette énergie à à long terme elle peut être utilisée parce qu’on va vers quelque chose de technologique tout le temps donc je pense qu’ils vont devenir,0
949,"c’est à dire que faut que tu justifies ton rapport avec ton opposition tu vois, pourquoi t’es en opposition faut que tu le justifies que tu l’expliques et après t’aides à justement ",2
950,ça c’est plus résolution des problèmes comme il l’a expliqué dans la vidéo  tu vois ce que je veux dire sur ce cette espèce,0
951,on va utiliser c’est un peu le même principe que les éoliennes les hélices elles vont être dans l’eau ,1
952,ouais c’est ça,0
953,c’est cool ça,0
954,ouais,0
955,on va pas déconner hein  ou alors tu tires des foyers au hasard,0
956,tu t’abstiens tu fais je m’en fous faites ce que vous voulez quoi,0
957,ouais c’est quand même tu as le choix,2
958,ouais,0
959,ah,0
960,après moi j’ai mis tout ce qui était loisirs heu culturels DVD heu comme le fonctionnement une médiathèque ou une bibliothèque,0
961,ouais et du coup le,0
962,nan mais et le troisième quartier qui était un quartier genre d’habitations et en fait ça faisait des villes pas du tout homogènes où les gens vont de leur travail à leur,2
963,ça peut être des vols ouais je sais pas,0
964,déjà oui,0
965,ouais,0
966,culture genre livres,0
967,très sensible et très informelle avec toute cette population,0
968,heu et heu quartier où il fait bon vivre,0
969,ouais,0
970,des trucs où c’est aussi des espaces communs,0
971,parce qu’effectivement c’est con d’avoir une machine à laver par appartement quand tu peux avoir une laverie avec 5 machines à laver pour tout l’immeuble tu vois,2
972,je vais citer si quelqu’un n’est pas d’accord il le dit direct  donc jardin ,0
973,oui voilà mais après si toi tu as un truc je sais pas heu du sel du verre de je sais pas quoi on ne va pas acheter tout ça en groupé ,1
974,oui mais avec beaucoup de personnes c’est peut-être heu,2
975,un jardin dans un jardin genre dans un parc  ,0
976,ouais c’est ça tu regardes la libre tu peux réserver,0
977,moi j’ai dit que fallait une monnaie périssable,0
978,c’est faisable ,1
979,ouais,0
980,nan c’est vrai mais en même temps c’est quand même une question centrale de comment on visualise dans la tête notre quartier,0
981,charte de prise de décision ((écrit)),0
982,ok,0
983,c’est un classement mais,0
984,j’ai écrit les meubles de chacun,0
985,nan mais il impose sur quand même le fait que t’es jugé par les autres quoi si tu déconnes avec le truc ,2
986, ((acquiescements)),0
987,ouais,0
988,nan nan je pense que c’est une mauvaise idée la facture commune,0
989,je le mets,0
990,immatériel  donc ça pour moi c’est Internet téléphone,0
991,moi j’avais mis un grand parc où tu pourrais avoir des potagers des poulaillers machin,0
992,bah par exemple tu prends des copeaux de bois tu les fais brûler et du coup ça va dégager de la chaleur et cette chaleur tu vas pouvoir chauffer les apparts et si tu as un surplus de chaleur par rapport à ce que tu veux chauffer en fait tu peux produire de l’électricité avec,0
993,ah c’est ça ton dessin,0
994,moi je pense tout,0
995,exactement,0
996,moi j’ai pas écouté j’ai pas compris en tout cas le numérique,0
997,ouais,0
998,ah l’énergie hydr ?,0
999,et que y’a un orage qui s’est abattu sur la MJC bah tu t’as qu’a les accueillir chez toi,0
1000,dégagée voilà on n’aura pas un bâtiment en face ,0
1001,comment tu veux faire quand tu veux acheter ?,0
1002,salle à manger ,0
1003,ouais,0
1004,ouais c’est des machines voilà on peut,0
1005,donc savoir-faire et connaissances aussi,0
1006,ça c’est très intéressant,0
1007,vas-y vas-y commence,0
1008,panneaux solaires ,0
1009,mais je pense que ça va changer justement,1
1010,hydraulique ouais,0
1011,ah c’est pour créer une ambiance ou quelque chose comme ça ?,0
1012,un ami tu ne vas pas le faire payer mais une personne que tu ne connais pas oui et à ce moment-là c’est là où la notion de quartier elle vient au-dessus c’est-à-dire que c’est la notion de quartier donc tu prêtes les choses tu ne les loues pas alors après ça ne marchera pas pour tout le monde parce que forcément il y a des gens qui ont besoin d’incitation monétaire et qui vont dire bah attend heu,2
1013,moi aussi ((rires)),0
1014,nan mais c’est des propositions tu choisis,2
1015,ouais pour éviter les conflits,2
1016,ouais voilà,0
1017,on peut prendre cette énergie-là pour la consommation en temps réel de tout à chacun de la communauté en fait ,0
1018,je ne sais pas si ça rentre dans ça mais genre achat de biens communs comme les genre les outils de bricolage et tout,0
1019,tu peux rajouter ça si tu veux,0
1020,moi j’avais mis éolienne aussi ,0
1021,ouais  heu ah oui moi j’avais un truc parce que j’avais j’avais lu il valait mieux dans les maisons quand tu construits les maisons avoir heu au sud enfin sur l’orientation sud tout ce qui est lieux enfin les pièces habitables genre le salon les chambres et tout ,0
1022,par exemple tu vois,0
1023,ouais c’est,0
1024,elle dit nan au final  là tu lui dis,0
1025,incendie quoi il y a un grand feu,0
1026,ouais c’est,0
1027,je mets heu réunion avec les autres quartiers,0
1028,tout ce qui est orientation plein sud tu payeras un peu plus cher parce que t’auras l’orientation sud,1
1029,que tout soit justifié,0
1030,moi c’est bon pour moi ,0
1031,une récompense pour le quartier ayant le moins consommé ,0
1032,ouais ouais,0
1033,que toutes les décisions prises doivent pas heu entraver la vie privée ou heu le confort des autres habitants ,0
1034,moi je pensais à la connexion internet aussi si elle serait suffisamment puissante pour,0
1035,même heu enfin je sais pas tu veux vraiment parler entre les quartiers ou au sein même du quartier genre récompenser les familles  ,0
1036,ouais,0
1037,alors heu ce qui se passe en fait c’est que enfin si tu veux vraiment tendre vers un quartier à mon avis en termes de monnaie d’incitation monétaire qui va vraiment vers une collaboration il faut que ça soit le quartier qui investisse dans les dans les sous dans les équipements que ce soit les perceuses donc tu crées des ateliers de fabrication des choses comme ça et que notamment dans les équipements que tu utilises de temps en temps ou à lourd budget et pas les gens parce que t’as forcément parce que voilà si c’est le quartier qui les a après tu as juste une cogestion ou je ne sais pas un calendrier collaboratif heu sur un ipad quoi,1
1038,oui juste pour les ressources communes tout ce qui est utilisable par tout le monde,0
1039,ouais moi ouais moi je pensais voilà là qu’il devrait y avoir un ensemble de règles une sorte de charte ,0
1040,ouais à la place d’un vote fin c’est un outil de résolution s’il y a un conflit effectivement,0
1041,oui voilà bien sûr,0
1042,oui bah,0
1043,et ouais les échanges on en a pas trop parlé ce serait intéressant de dire on a un lieu où tout enfin ouais je sais pas si on peut tirer des ficelles là-dessus pour trouver une idée originale,0
1044,oui,0
1045,bah ouais et même voilà ton lieu privatif tu peux le mettre à disposition de la communauté tu peux faire des propositions et tout si par exemple t’es très riche et que t’as une grande maison et que,2
1046,voilà échange des idées genre ceux qui ont le plus innové en matière de,0
1047,ouais ok ,0
1048,oui heu parce que,0
1049,optimiser l’utilisation des ressources,0
1050,ou alors c’est au moment où tu paies ton appart que déjà tu as tout l’investissement qui est fait que c’est le constructeur qui met en place tout et toi quand tu rentres l’année 1 c’est valable comme une année normale quoi,0
1051,ouais je suis pas sûre que ça marche normalement je me dis celui qu’est en opposition il va pas enfin il va pas trouver une solution qui convient à tout le monde ou ,1
1052,moi c’est juste moi c’est juste loger les gens de façon convenable ,0
1053,on peut mettre un poulailler,0
1054,ouais ouais ouais parfait,0
1055,bah je pense qu’on est d’accord ça va être sur l’eau et l’électricité il y quelqu’un qui a une autre idée,0
1056,il faut tout changer en fait ?,0
1057,voilà,0
1058,voilà,0
1059,ouais ça j’ai mis du coup le système de badges pour la réussite de défis comme réduire de tant sa consommation d’énergie etc. ,0
1060,t’auras toujours si tu as une culture commune t’auras toujours des gens contre cette culture commune,2
1061,d’arrosage intelligents oui,0
1062,et justement avec toutes ces agglomérations,0
1063,si on est un peu en bordure de campagne on peut faire des éoliennes,1
1064,ouais je me pointe tous les matins ((rires)),0
1065,qui achètent ouais bah je sais pas après ça c’est du détail,0
1066,donc ça va nous éviter d’imprimer à la manière du bitcoin,1
1067,bah déjà sur le secteur gastronomique ,0
1068,heu ouais les aires de loisirs tout ce qui est loisir,0
1069,"ouais bah c’est comme la question sur la monnaie moi j’ai dit bon bah on va rester avec l’euro pour ce qui est principal et sinon on verra, je sais pas ça ne sera peut-être pas nécessairement avec la monnaie mais juste avec un système de suivi des objets",0
1070,après bon si t’es vraiment à devoir par exemple pour aller au boulot t’as besoin de ta voiture ,0
1071,ce qui évite d’avoir à payer en plus du chauffage pour continuer à chauffer l’air,1
1072,alors attends je mets charte ,0
1073,ouais ça j’ai mis aussi un jardin,0
1074,mais justement tu choisis c’est des propositions et justement tu choisis si t’y vas t’y vas pas,2
1075,nan mais si ça bouge un tout petit peu c’est rien du tout,2
1076,je mets consommation ,0
1077,ça dépend du lieu s’il y a du vent ou pas c’est pas nécessairement c’est pas obligatoire,0
1078,"et les trucs de, les réservoirs pour récupérer l’eau de pluie et tout ça",0
1079,réduire le prix d’achat d’un logement,0
1080,Pierre lui il avait même prévu de créer un système de crèche dans le quartier finalement c’est comme toi,0
1081,ce qu’il faut savoir là c’est que c’est pas encore le jeu donc tu mets x,0
1082,Bah par exemple,0
1083,et on aurait un grand espace commun pour la communauté  tout serait relié par sous-sol le sous-sol pourrait être un parking par exemple ça c’est ce qui est en bas et ce qui serait au niveau de la route ça serait par exemple un grand jardin donc en fait on aurait un jardin les petites maisons qui seraient heu ici et à l’arrière par exemple un grand espace commun avec potager espaces communs et en–dessous on aurait des sous-sols,0
1084,potager ,0
1085,bah équidistant t’as pas forcément un gros centre t’as des mini centres,0
1086,ouais,0
1087,nan mais justement si tu leur donne un héritage culturel qui le leur fait mieux vivre  avoir de l’argent ils s’en foutent quoi tu vois,2
1088,oui,0
1089,pas forcément,0
1090,bah en fait je pensais à une maison avec une grande cour,0
1091,ouais,0
1092,nan mais après si on partage des ressources c’est juste que,0
1093,j’ai dans ma tête quelque chose,0
1094,ouais faut qu’il y ait une banque,0
1095,c’est plus comme une personne qui,0
1096,nan nan il ne voulait pas dire plus de décisions il voulait dire,0
1097,ouais on aura,0
1098,ouais ok,0
1099,le lien social moi ça m’intéresse pas ((rires)),0
1100,c’est ce qui enfin c’est qui ouais le point commun c’est exactement ça  ouais la création d’une culture c’est qu’en fait on rapporte son enfin putain excusez moi j’ai un peu des problèmes ce matin,0
1101,bah oui ressources partageables c’est tout moi je mettrais énergétiques matérielles immatérielles,0
1102,et la question c’est juste si y’a une monnaie périssable  bah à partir de là sur ce système de monnaie périssable,0
1103,ouais voilà oui,0
1104,ok,0
1105,tu peux changer tes comportements que si tu comprends bien et que tu l’acceptes,2
1106,ouais ((écrit)),0
1107,voilà exactement après c’est vraiment enfin t’as le choix entre  l’un ou l’autre et justement dans ce système d’échange tu dis c’est si t’es dans la communauté t’es pas là pour compter ou quoi que ce soit,0
1108,on pourrait avoir confiance directement envers les personnes qu’on fréquente au fur et à mesure dans le temps et du coup avoir oui voilà avoir une sphère de confiance et du coup ne pas s’enfermer non plus dans un système monétaire voilà par rapport au fait de se faire confiance et de,2
1109,et tu paies une cotisation finalement en fonction de ça,0
1110,ah ouais ,0
1111,où il y a des forces enfin tu sais de l’inertie et tout,0
1112,des garages à vélo ,0
1113,ouais,0
1114,ok je mets ça dans quoi du coup ? ah pour récolter l’eau de l’air ?,0
1115,mais ce que je veux dire c’est qu’à ce moment-là on peut lister tous les trucs qui marchent c’est-à-dire on peut faire des brainstorming on peut faire des maps on peut faire des tableaux on peut faire tu vois ce que je veux dire,0
1116,après il y a le numérique alors je n’ai rien écrit ?,0
1117,"heu au-delà des aspects matériels de recyclage, on fait moins de mal à la planète etc. le côté épanouissement personnel",0
1118,ah donc tu verrais une possibilité d’avoir une laverie chez toi et une laverie généralisée,0
1119,du coup avec des zones d’habitation condensées et puis autour les les parcs les zones,0
1120,oui oui,0
1121,ou est-ce qu’on a une partie,0
1122,alors j’ai imaginé bon les idées que j’ai en tête ça va être heu des événements ,0
1123,On peut garder l’eau de pluie réutilisation ,0
1124,ouais ça c’était un peu avec notification des problèmes,0
1125,et se permettre des choses qu’on ne pourrait pas faire à titre personnel ou familial restreint,0
1126,bah en fait le truc c’est qu’après t’es obligé d’arriver dans un dans un endroit ,0
1127,ouais parce que moi je veux pas je prends l’eau je prends l’eau,2
1128,je peux mettre incendie hein ?,0
1129,j’ai mis certains meubles perso équipements et tout ça des trucs un peu que tu veux garder pour toi mais,0
1130,lequel le 9,0
1131,vas-y t’avais,0
1132,ok,0
1133,euh consensus ?,0
1134,limite faudrait imaginer que dans les bâtiments t’ais un lieu qui est un lieu commun à tout le monde ,0
1135,ouais heu,0
1136,oui c’est ça,0
1137,enfin c’est plus d’être peut-être dans un rapport où individualiste enfin sur sur ton sur ,0
1138,oui j’ai voulu mettre ça aussi,0
1139,d’accord oui oui oui,0
1140,tu seras toujours dans le dernier recours ouais,0
1141,oui c’est un réseau de besoins en fait tu peux dire j’ai besoin de ça et la personne comme ça vont l’aider,0
1142,slash ségrégation slash tout ce que tu veux tu vois genre connerie aine,0
1143,voilà ça va être:,0
1144,comme ça ça évite,0
1145,et du coup pour les trucs de partageable là enfin je sais pas si y’a une question après mais du coup on fait ,0
1146,des centres de calcul pour calculer les coûts pour toutes les consommations d’eau ou d’électricité ça pourra servir justement,0
1147,la journée bah,0
1148,ouais ouais moi je suis d’accord avec ça,0
1149,ouais si tu t’abstiens ça fait quoi en fait ?,0
1150,ah ouais donc on peut utiliser le… voilà donc… heu j’ai juste une remarque concernant la technique de là où on récupère l’eau de l’air,0
1151,ouais j’ai mis smart grid ,0
1152,ouais bah autour du jardin du coup,0
1153,ouais ah ouais,0
1154,j’y ai pensais aussi mais ça fait énormément de bruit et dans un quartier ça tue,1
1155,ok donc manque de soleil ((écrit)),0
1156,l’alimentation ça va être genre les légumes à partager des ressources heu est-ce qu’on va partager genre des légumes ?,0
1157,je pense que ça serait bien de mettre ça aussi,0
1158,après il faut qu’on fasse attention à ne pas créer une ville parce que c’est ce dont je me suis rendu compte en fait en écrivant j’étais là en train de me dire il y a un centre de décision et du coup je me suis dit c’est une ville que je suis en train de créer enfin ,0
1159,ouais,0
1160,je mets ça donc pour les pour les équipements en commun,0
1161,ouais,0
1162,cuisine etc ((écrit)),0
1163,c’est ce que j’ai mis ((rires)),0
1164,oui mais par rapport aux bureaux ça veut dire que,0
1165,alimentation eau et électricité,0
1166,qu’on devrait tous pouvoir,2
1167,ouais tu peux imaginer qu’à chaque réunion ça tourne et que,0
1168,et y’avait les les panneaux qui chauffent l’eau sur les toits ,0
1169,parce que ça serait plus  justifier l’exclusion de la personne ,0
1170,non incendie c’est un cas particulier non j’ai dit des choses qui n’est pas des choses incertaines tout ce qui va de la guerre ou il y a des pénuries de plein de choses,0
1171,alors moi j’ai mis aussi réutilisation des eaux de pluie ,0
1172,par exemple comme vous l’avez dit il y a l’application on peut voir en temps réel et en fait j’avais mis un exemple dans la question d’avant heu par exemple si on a un espace commun par exemple un studio de musique heu dans lequel quelqu’un peut s’entraîner donc heu un studio de musique qu’on a au quartier une plateforme ou site Web pourrait être mise en place pour faire une réservation dans les temps par exemple j’ai besoin de ce studio demain de 14h à 15h je réserve sur le site que ça c’est réservé j’en ai besoin  donc c’est un espace mais c’est toujours la même idée la réservation,0
1173,ouais c’est vrai oui c’est vrai oui,0
1174,après ouais je pensais,0
1175,j’ai marqué garage ,0
1176,un ami tu ne vas pas le faire payer mais une personne que tu ne connais pas oui et à ce moment-là c’est là où la notion de quartier elle vient au-dessus c’est-à-dire que c’est la notion de quartier donc tu prêtes les choses tu ne les loues pas alors après ça ne marchera pas pour tout le monde parce que forcément il y a des gens qui ont besoin d’incitation monétaire et qui vont dire bah attend heu,2
1177,des deux parties pour satisfaire tout à chacun,0
1178,Emploi et école,0
1179,ouais je mets problèmes sociaux  on va en lister quelques-uns,0
1180,sur la chose tu vois,0
1181,enfin je sais pas si on peut mettre petits immeubles parce que par définition un immeuble c’est grand ((rires)),0
1182,ouais,0
1183,tu peux partager ! tu peux avoir tu peux partager ta douche tu partages ta douche chez toi,2
1184,d’accord,0
1185,ça c’est,0
1186,oui oui,0
1187,c’est clair on aura un jardin potager,0
1188,ah l’éolienne c’est ça le mot que je cherchais,0
1189,les deux la journée quand c’est pas quand c’est quand c’est je dis une connerie 3000 avions qui passent par jour  c’est un bruit énorme horrible et quand ce n’est pas les avions t’as les éoliennes qui font du bruit aussi donc du coup les deux associés elle a la tête comme ça,1
1190,jeux de société salle de jeux ou consoles de jeux par exemple pour les enfants un espace jeux pour les enfants qui sera partageable ,0
1191,bah après en cas d’accident climatique t’imagines enfin des zones en gros de réunion qui enfin t’imagines un espace par exemple  qui convient à par exemple si y’a eu une inondation   ,0
1192,ouais,0
1193,ouais les deux ne sont pas incompatibles,1
1194,c’est,0
1195,et tu passes d’un truc très calme et à une ville qui bouge ouais,0
1196,quoi,0
1197,non justement je ne l’ai pas mis je vais le mettre là,0
1198,j’ai mis vélo et après j’ai rajouté portes chaussures etc quoi,0
1199,nan mais je crois c’est déjà  j’ai rien marqué en  si maximiser toutes les ressources,0
1200,on va peut-être pas parler de ça alors,0
1201,ouais,0
1202,ouais d’avoir,0
1203,oui moi j’avais pensé heu des maisons éclairées y’aura beaucoup de lumière,0
1204,c’est vrai c’est déjà partageable,0
1205,ouais comment réagir heu genre j’ai pensé aussi par exemple on a par exemple un menuisier ou dans le village ou des responsables ou bien heu voilà il est resp- ou bien un plombier ou bien un truc il est pas il est malade ou pas disponible et tout heu donc les villageois doivent s’organiser,0
1206,donc heu heu ça inciterait donc j’avais marqué l’usage excessif permettrait de mettre en difficulté tous les autres donc c’est une consommation modérée et responsable je ne sais pas voilà,2
1207,ouais c’est ça,0
1208,nan parce que tu payes moins cher si tu consommes moins,2
1209,ah c’est cool et ouais avec genre un poulailler ,0
1210,ouais,0
1211,cuisine,0
